{
  "disableVanillaPortals": {
    "desc:": "Disables vanilla portals, default:false",
    "disableVanillaPortals": false
  },
  "teleportCooldown": {
    "desc:": "Sets a delay before you can teleport again, default:15 seconds",
    "teleportCooldown": 5
  },
  "instantTeleport": {
    "desc:": "Instantly teleports instead of notifying the user over time,(Note this causes some lag, due to loading chunks directly) default:false",
    "instantTeleport": false
  },
  "teleportedRidden": {
    "desc:": "Teleport ridden entities too, default:true",
    "teleportedRidden": true
  },
  "teleportLeashed": {
    "desc:": "Teleport leashed entities too, default:true",
    "teleportLeashed": true
  },
  "debuglogging": {
    "desc:": "Enable debug logging, default:false",
    "debuglogging": false
  },
  "dimensionconnections": [
    {
      "from": "minecraft:overworld",
      "to": "minecraft:the_nether",
      "xcoordmultiplier": 0.125,
      "zcoordmultiplier": 0.125,
      "teleporttype": {
        "teleporttype": "AIR",
        "teleport_to_y": 192
      },
      "belowy": -200,
      "slowfallticks": 400
    },
    {
      "from": "minecraft:the_nether",
      "to": "minecraft:the_end",
      "teleporttype": {
        "teleporttype": "AIR",
        "teleport_to_y": 380
      },
      "belowy": -200,
      "slowfallticks": 400
    },    
    {
      "from": "minecraft:the_end",
      "to": "aether:the_aether",
      "teleporttype": {
        "teleporttype": "AIR",
        "teleport_to_y": 256
      },
      "belowy": -200,
      "slowfallticks": 400
    }
  ]
}