{
  "tiers": [
    {
      "index": 1,
      "powerStorage": 1000,
      "powerEachTick": 10,
      "speedModifier": 2,
      "itemAmountMultiplier": 1
    },
    {
      "index": 2,
      "powerStorage": 2000,
      "powerEachTick": 20,
      "speedModifier": 4,
      "itemAmountMultiplier": 2
    },
    {
      "index": 3,
      "powerStorage": 4000,
      "powerEachTick": 40,
      "speedModifier": 8,
      "itemAmountMultiplier": 4
    }
  ],
  "TIERS": [
    {
      "index": 1,
      "powerStorage": 1000,
      "powerEachTick": 10,
      "speedModifier": 2,
      "itemAmountMultiplier": 1
    },
    {
      "index": 2,
      "powerStorage": 2000,
      "powerEachTick": 20,
      "speedModifier": 4,
      "itemAmountMultiplier": 2
    },
    {
      "index": 3,
      "powerStorage": 4000,
      "powerEachTick": 40,
      "speedModifier": 8,
      "itemAmountMultiplier": 4
    }
  ]
}